Images,Labels
IM_1180.jpg,
IM_0963.jpg,
IM_0021.jpg,143 178 10 13
IM_0198.jpg,237 75 16 18
IM_1263.jpg,
IM_0067.jpg,268 67 11 12
IM_0627.jpg,207 327 17 11
IM_0259.jpg,155 289 10 9
IM_0401.jpg,298 148 18 27
IM_0467.jpg,202 210 18 12
IM_0125.jpg,296 388 10 14
IM_0865.jpg,
IM_1353.jpg,
IM_0943.jpg,
IM_1433.jpg,
IM_1274.jpg,
IM_0654.jpg,175 337 11 8
IM_0096.jpg,337 231 9 8
IM_0660.jpg,242 107 17 16
IM_0663.jpg,237 106 21 16
IM_1315.jpg,
IM_0074.jpg,250 416 10 14
IM_0301.jpg,209 329 13 12
IM_0778.jpg,263 293 13 16
IM_0870.jpg,
IM_0182.jpg,176 96 18 29
IM_0459.jpg,145 266 22 24
IM_1204.jpg,
IM_0716.jpg,331 294 11 10
IM_0771.jpg,258 301 18 13
IM_1177.jpg,
IM_0612.jpg,320 179 13 11
IM_1241.jpg,
IM_0374.jpg,312 163 10 12;277 214 13 13
IM_0188.jpg,313 222 15 14
IM_1159.jpg,
IM_0411.jpg,292 147 22 23
IM_1355.jpg,
IM_1336.jpg,
IM_1255.jpg,
IM_0635.jpg,120 207 17 10
IM_0821.jpg,136 184 31 18
IM_0241.jpg,221 273 13 13
IM_0763.jpg,261 307 14 18
IM_0523.jpg,370 279 24 12
IM_0338.jpg,258 85 9 10
IM_0034.jpg,169 104 14 17
IM_1240.jpg,
IM_0605.jpg,317 178 13 11
IM_1051.jpg,
IM_0659.jpg,242 107 17 14
IM_1031.jpg,
IM_1105.jpg,
IM_1417.jpg,
IM_0780.jpg,353 271 8 9
IM_0719.jpg,240 250 11 12
IM_1469.jpg,
IM_0429.jpg,220 276 8 11
IM_0861.jpg,
IM_0593.jpg,337 197 13 15
IM_0770.jpg,258 300 19 14
IM_0834.jpg,105 284 15 9
IM_0412.jpg,292 147 21 21
IM_0478.jpg,198 205 28 14
IM_0012.jpg,283 276 10 12
IM_0794.jpg,263 90 12 17
IM_0207.jpg,232 75 15 15
IM_0499.jpg,225 287 13 9
IM_0862.jpg,
IM_0909.jpg,
IM_1305.jpg,
IM_1414.jpg,
IM_1412.jpg,
IM_1299.jpg,
IM_1487.jpg,
IM_1410.jpg,
IM_0048.jpg,267 286 10 11
IM_0267.jpg,324 322 10 12
IM_0076.jpg,250 417 11 13
IM_0257.jpg,151 352 13 8
IM_0047.jpg,268 286 10 12
IM_1009.jpg,
IM_0181.jpg,177 100 15 21
IM_0170.jpg,195 202 14 16
IM_0282.jpg,133 156 10 13
IM_0120.jpg,293 387 14 16
IM_0964.jpg,
IM_1189.jpg,
IM_0706.jpg,339 275 14 13
IM_0080.jpg,250 416 10 11;344 110 12 12
IM_0334.jpg,256 83 14 15
IM_1434.jpg,
IM_0741.jpg,176 204 21 20
IM_0844.jpg,187 405 19 19
IM_1021.jpg,
IM_0094.jpg,335 231 10 9
IM_1252.jpg,
IM_1467.jpg,
IM_0141.jpg,201 167 10 12
IM_1017.jpg,
IM_0180.jpg,177 100 19 22
IM_1216.jpg,
IM_0335.jpg,256 83 14 15
IM_1261.jpg,
IM_0425.jpg,220 278 10 9
IM_1387.jpg,
IM_1089.jpg,
IM_0373.jpg,311 164 12 12
IM_0392.jpg,299 148 16 27
IM_1281.jpg,
IM_1068.jpg,
IM_1442.jpg,
IM_1398.jpg,
IM_0591.jpg,336 197 16 15
IM_0655.jpg,174 337 10 7
IM_0823.jpg,133 185 16 17;149 190 17 14
IM_1206.jpg,
IM_0941.jpg,
IM_1319.jpg,
IM_0850.jpg,186 404 21 23
IM_0506.jpg,221 283 15 9
IM_0701.jpg,339 272 9 8
IM_0173.jpg,178 103 15 14
IM_1272.jpg,
IM_1100.jpg,
IM_0970.jpg,
IM_0978.jpg,
IM_1119.jpg,
IM_1269.jpg,
IM_0507.jpg,222 283 12 9
IM_0790.jpg,356 267 10 11
IM_1191.jpg,
IM_1370.jpg,
IM_0162.jpg,208 137 7 14
IM_0359.jpg,217 388 15 11
IM_0848.jpg,186 403 21 24
IM_0038.jpg,170 100 12 19
IM_0724.jpg,239 252 15 15
IM_0791.jpg,358 266 8 12
IM_0269.jpg,148 229 13 9
IM_0824.jpg,130 184 17 18;147 191 17 14
IM_0924.jpg,
IM_0826.jpg,130 181 16 19;151 191 11 13
IM_0164.jpg,283 183 10 11
IM_1293.jpg,
IM_1490.jpg,
IM_1450.jpg,
IM_1202.jpg,
IM_1400.jpg,
IM_0757.jpg,260 313 16 16
IM_0237.jpg,222 272 11 13
